"Campaign","Ad Group","Status","Final URL","Path 1","Path 2","Headline 1","Headline 2","Headline 3","Headline 4","Headline 5","Headline 6","Headline 7","Headline 8","Headline 9","Headline 10","Headline 11","Headline 12","Headline 13","Headline 14","Headline 15","Description 1","Description 2","Description 3","Description 4","Ad Type","Launch Note"
"Search | Warehouse Construction | Dubai","Warehouse Construction","Paused - draft only","https://emitronix.ae/warehouse-construction","warehouse","construction","Warehouse Construction Dubai","Dubai Warehouse Contractor","Plan Your Warehouse Build","Request A Project Quote","Book A Site Inspection","Civil & MEP Coordination","Authority Support Available","Design To Handover Support","Industrial Warehouse Team","Build In Dubai & UAE","Fire-System Coordination","Drawings & Submission Help","Practical Scope Review","Speak With Our Team","Emitronix Warehouse Works","Plan warehouse civil, structural, MEP and authority interfaces with one coordinated team.","Share your location, drawings and intended use for a scoped project quotation.","Book a site inspection to review access, utilities, fire safety and build requirements.","Emitronix supports design coordination, submissions, site delivery and handover planning.","Responsive search ad","Draft only; review policy, landing-page message match and tracking before upload. Do not publish without written approval."
"Search | Warehouse Construction | Dubai","Warehouse Contractors","Paused - draft only","https://emitronix.ae/warehouse-construction","warehouse","contractor","Warehouse Contractors Dubai","Compare A Clear Project Scope","Dubai Contracting Support","Shortlist With Scope Clarity","Request A Warehouse Quote","Book A Site Inspection","Civil & MEP Coordination","Design & Build Coordination","Authority-Aware Planning","Warehouse Delivery Support","Discuss Your Project Needs","Dubai Industrial Projects","Drawings To Site Planning","Handover-Focused Delivery","Speak With Emitronix","Compare contractors using clear scope, interfaces, exclusions and handover needs.","Send your drawings and project location for a practical scope and quotation discussion.","Coordinate civil, structural, MEP, fire-safety and authority requirements from the start.","Book a site inspection with Emitronix to review access, constraints and intended use.","Responsive search ad","Draft only; review policy, landing-page message match and tracking before upload. Do not publish without written approval. Landing-page alignment: use /warehouse-construction until a materially distinct contractor proposition is verified."
"Search | Warehouse Construction | Dubai","Industrial Warehouse","Paused - draft only","https://emitronix.ae/warehouse-construction","industrial","warehouse","Industrial Warehouse Dubai","Industrial Building Works","Warehouse Contractor Dubai","Factory & Logistics Projects","Plan Utilities Early","Civil & Structural Planning","MEP Interface Coordination","Fire-Safety Coordination","Request A Project Quote","Book A Site Review","Dubai Industrial Contractor","Design & Build Support","Authority Route Support","Operations-Led Planning","Speak With Our Team","Plan an industrial warehouse around operations, loading, utilities and fire-safety needs.","Coordinate civil, structural and MEP interfaces before procurement and site execution.","Share the location, intended use and drawings to request a project scope review.","Discuss logistics or industrial warehouse works in Dubai with the Emitronix team.","Responsive search ad","Draft only; review policy, landing-page message match and tracking before upload. Do not publish without written approval. Landing-page alignment: use /warehouse-construction until a materially distinct industrial-warehouse proposition is verified."
"Search | Warehouse Construction | Dubai","Warehouse Expansion","Paused - draft only","https://emitronix.ae/warehouse/warehouse-expansion","warehouse","expansion","Warehouse Expansion Dubai","Extend Existing Warehouse","Plan Growth With Clear Scope","Structural Interface Review","Civil & MEP Coordination","Modification Permit Support","Book A Site Inspection","Request An Expansion Quote","Keep Operations In View","Drawing Revision Support","Authority Follow-Up Support","Warehouse Extension Works","Dubai Expansion Contractor","Scope Existing Conditions","Discuss Your Expansion","Plan a warehouse extension around existing structure, services, access and operations.","Review drawings, site conditions and approval dependencies before fixing the scope.","Coordinate civil, structural, MEP and authority interfaces for a practical expansion plan.","Book a site inspection and request a project-specific quotation from Emitronix.","Responsive search ad","Draft only; review policy, landing-page message match and tracking before upload. Do not publish without written approval."
"Search | Warehouse Construction | Dubai","Warehouse Modification","Paused - draft only","https://emitronix.ae/warehouse/warehouse-expansion","warehouse","modification","Warehouse Modification Dubai","Warehouse Modification Team","Renovation & Alteration","Existing Warehouse Upgrades","Civil & MEP Coordination","Fire-System Coordination","Modification Permit Support","Drawings & Submission Help","Book A Site Inspection","Request A Project Quote","Plan Around Operations","Dubai Warehouse Upgrades","Site & Drawing Review","Authority Follow-Up","Speak With Emitronix","Review warehouse alterations, civil works, MEP changes and fire-system interfaces.","Plan around operations, site constraints, drawings and permit requirements.","Get support with design coordination, submission follow-up and site delivery planning.","Book a site inspection and request a tailored warehouse modification quotation.","Responsive search ad","Draft only; review policy, landing-page message match and tracking before upload. Do not publish without written approval. Launch prerequisite: rebuild /warehouse/warehouse-expansion for modification and expansion message match before paid traffic."
"Search | Warehouse Construction | Dubai","Factory Construction","Paused - draft only","https://emitronix.ae/industrial-buildings","factory","construction","Factory Construction Dubai","Industrial Factory Works","Factory Modification Support","Dubai Industrial Contractor","Civil & Structural Works","MEP & Utility Coordination","Fire-System Coordination","Authority Approval Support","Request A Factory Quote","Book A Site Inspection","Plan Around Operations","Design & Build Coordination","Drawings To Handover","UAE Factory Project Support","Discuss Your Factory Project","Plan factory construction around process, equipment, utilities, access and fire safety.","Coordinate civil, structural, MEP and authority interfaces before site execution.","Share the project location, intended use and drawings for a scoped quotation discussion.","Book a site inspection for a new factory, modification or industrial upgrade.","Responsive search ad","Draft only; review policy, landing-page message match and tracking before upload. Do not publish without written approval. Landing-page alignment: use /industrial-buildings and improve the industrial/factory message before paid traffic."
"Search | Warehouse Construction | Dubai","Warehouse Civil Works","Paused - draft only","https://emitronix.ae/warehouse/warehouse-mep","civil-works","warehouse","Warehouse Civil Works Dubai","Warehouse Civil Contractor","Concrete & Foundation Works","Warehouse Flooring Works","Slabs, Drainage & Access","Civil Scope Coordination","Structural Interface Review","Authority-Aware Planning","Book A Site Inspection","Request A Civil Works Quote","Dubai Warehouse Projects","Existing Site Review","Drawings & Scope Review","Civil & MEP Coordination","Speak With Emitronix","Discuss warehouse foundations, slabs, flooring, drainage and external civil works.","Review drawings, loads, existing conditions and service interfaces before pricing.","Coordinate civil works with structure, MEP, access, inspections and handover needs.","Book a site inspection and request a project-specific civil works quotation.","Responsive search ad","Draft only; review policy, landing-page message match and tracking before upload. Do not publish without written approval. Launch prerequisite: rebuild /warehouse/warehouse-mep as the integrated civil and MEP paid page."
"Search | Warehouse Construction | Dubai","Warehouse MEP Works","Paused - draft only","https://emitronix.ae/warehouse/warehouse-mep","mep-works","warehouse","Warehouse MEP Works Dubai","Warehouse MEP Coordination","Electrical & Plumbing Works","HVAC Interface Planning","Fire-System Coordination","Civil & MEP Coordination","Utility Demand Review","Drawing Coordination Support","MEP Submission Support","Book A Site Inspection","Request An MEP Quote","Warehouse Services Review","Dubai Industrial MEP","Authority Follow-Up","Speak With Our Team","Coordinate warehouse electrical, mechanical, plumbing and fire-system interfaces.","Review utility demand, routes, equipment, drawings and civil coordination needs.","Get support with MEP drawing coordination, submissions, site works and handover records.","Book a site inspection and request a project-specific warehouse MEP quotation.","Responsive search ad","Draft only; review policy, landing-page message match and tracking before upload. Do not publish without written approval. Launch prerequisite: rebuild /warehouse/warehouse-mep as the integrated civil and MEP paid page."
"Search | Authority Approvals | Dubai","Dubai Municipality Approval","Paused - draft only","https://emitronix.ae/dubai-municipality-approval","dm-approval","dubai","Dubai Municipality Approval","DM Approval Support Dubai","Drawing Submission Support","Municipality Comment Follow-Up","Building Permit Coordination","Review Your Current Drawings","Plan Before Site Works","Authority Route Review","Submit With Clear Records","Request Approval Support","Speak With Emitronix","Warehouse DM Approval","Modification Permit Support","Book A Document Review","Dubai Approval Coordination","Share the plot, proposed scope, current drawings and authority comments for review.","Get support with document planning, submission coordination and comment follow-up.","Confirm jurisdiction, appointment roles and permit dependencies before site work begins.","Request Dubai Municipality approval support for a building or modification project.","Responsive search ad","Draft only; review policy, landing-page message match and tracking before upload. Do not publish without written approval."
"Search | Authority Approvals | Dubai","Dubai Civil Defence Approval","Paused - draft only","https://emitronix.ae/dcd-approvals","dcd-approval","dubai","Dubai Civil Defence Approval","DCD Approval Support Dubai","Fire Drawing Coordination","Fire-System Coordination","Drawing Submission Support","DCD Comment Follow-Up","Warehouse Fire Approval","Inspection Readiness Help","Review Current Drawings","Request Approval Support","Speak With Emitronix","Plan Before Site Works","Fire Alarm Drawing Support","Firefighting Drawing Support","Dubai DCD Coordination","Review fire strategy, drawings, installed systems and current DCD comments together.","Get support with drawing coordination, submission follow-up and inspection readiness.","Confirm consultant roles and fire-system dependencies before mobilising site works.","Request DCD approval support for warehouse, industrial or modification projects.","Responsive search ad","Draft only; review policy, landing-page message match and tracking before upload. Do not publish without written approval."
"Search | Authority Approvals | Dubai","Trakhees Approval","Paused - draft only","https://emitronix.ae/trakhees-approvals","trakhees","approval","Trakhees Approval Dubai","Trakhees Permit Support","Warehouse Approval Support","Free-Zone Submission Help","Drawing Coordination Support","Comment Follow-Up Support","Review Your Project Route","Modification Permit Support","Book A Document Review","Request Approval Support","Speak With Emitronix","Plan Before Mobilisation","Jebel Ali Project Support","Authority Record Tracking","Trakhees Drawing Support","Confirm the free-zone route, proposed scope, NOCs and appointed project roles first.","Get support with document planning, drawing coordination and Trakhees follow-up.","Link authority comments, revisions and permit conditions before site mobilisation.","Request Trakhees approval support for warehouse, industrial or modification works.","Responsive search ad","Draft only; review policy, landing-page message match and tracking before upload. Do not publish without written approval."
"Search | Authority Approvals | Dubai","JAFZA Approval","Paused - launch hold","https://emitronix.ae/warehouse/warehouse-authority-approvals","jafza","approval","JAFZA Service Scope Pending","JAFZA Landing Page Pending","Verify Service Before Launch","Approval Role To Be Confirmed","Keep This Ad Group Paused","Draft Copy For Review","JAFZA Project Route Review","Confirm Appointment Roles","Confirm Permit Dependencies","Confirm Drawing Requirements","Confirm Authority Workflow","Confirm Project Jurisdiction","Management Approval Required","Legal Review Required","Do Not Activate Yet","Placeholder only. Do not upload until Emitronix confirms its JAFZA service scope and role.","A dedicated or approved landing page with current jurisdiction content is required.","Management and legal review must approve the wording, appointment roles and process.","Keep this ad group paused; no JAFZA service claim is approved for advertising.","Responsive search ad","LAUNCH HOLD: Placeholder URL only; no paid final URL is approved. Do not upload or activate until Emitronix verifies the authority-specific service scope and role, management/legal approve the wording, and the landing-page message is approved."
"Search | Authority Approvals | Dubai","Dubai South Approval","Paused - launch hold","https://emitronix.ae/warehouse/warehouse-authority-approvals","dubai-south","approval","Dubai South Scope Pending","Dubai South Page Pending","Verify Service Before Launch","Approval Role To Be Confirmed","Keep This Ad Group Paused","Draft Copy For Review","Dubai South Route Review","Confirm Appointment Roles","Confirm Permit Dependencies","Confirm Drawing Requirements","Confirm Authority Workflow","Confirm Project Jurisdiction","Management Approval Required","Legal Review Required","Do Not Activate Yet","Placeholder only. Do not upload until Emitronix confirms its Dubai South scope and role.","A dedicated or approved landing page with current jurisdiction content is required.","Management and legal review must approve the wording, appointment roles and process.","Keep this ad group paused; no Dubai South service claim is approved for advertising.","Responsive search ad","LAUNCH HOLD: Placeholder URL only; no paid final URL is approved. Do not upload or activate until Emitronix verifies the authority-specific service scope and role, management/legal approve the wording, and the landing-page message is approved."
"Search | Authority Approvals | Dubai","DDA Approval","Paused - draft only","https://emitronix.ae/dda-approvals","dda-approval","dubai","DDA Approval Dubai","DDA Approval Support","Dubai Development Authority","Drawing Submission Support","Project Route Confirmation","Landlord NOC Planning","Authority Comment Follow-Up","Modification Permit Support","Review Current Drawings","Book A Document Review","Request Approval Support","Speak With Emitronix","Plan Before Site Works","Coordinate Project Records","DDA Drawing Coordination","Confirm the property, proposed use, landlord NOCs and appointed consultant route.","Get support with drawing coordination, document planning and DDA comment follow-up.","Review project interfaces before submission or site mobilisation decisions are made.","Request DDA approval support for a commercial, building or modification project.","Responsive search ad","Draft only; review policy, landing-page message match and tracking before upload. Do not publish without written approval."
"Search | Authority Approvals | Dubai","RTA Approval","Paused - draft only","https://emitronix.ae/rta-approval","rta-approval","dubai","RTA Approval Dubai","RTA NOC Support","Road Access NOC Support","Construction Logistics Review","Traffic Interface Planning","Drawing Submission Support","Authority Comment Follow-Up","Review Vehicle Movements","Plan Access Before Works","Book A Document Review","Request Approval Support","Speak With Emitronix","RTA Drawing Coordination","Dubai Road Interface Help","Coordinate Project Records","Review access, vehicle movements, work zones and construction logistics for the RTA route.","Get support with drawing coordination, NOC planning and authority comment follow-up.","Confirm project interfaces and appointed roles before submission or mobilisation.","Request RTA approval support for road access, logistics or civil-work requirements.","Responsive search ad","Draft only; review policy, landing-page message match and tracking before upload. Do not publish without written approval."
"Search | Authority Approvals | Dubai","Building Permit Approval","Paused - draft only","https://emitronix.ae/dubai-municipality-approval","building-permit","dubai","Building Permit Dubai","Dubai Permit Support","Warehouse Permit Support","Industrial Permit Support","Drawing Submission Support","Modification Permit Support","Confirm The Approval Route","Review Current Drawings","Authority Comment Follow-Up","Book A Document Review","Request Permit Support","Speak With Emitronix","Plan Before Site Works","Permit Dependency Review","Dubai Building Approval","Share the location, intended work, drawings and approval status for a permit route review.","Confirm jurisdiction, appointed roles, NOCs and document dependencies before site work.","Get support with drawing coordination, submission planning and authority follow-up.","Request building permit support for a warehouse, industrial or modification project.","Responsive search ad","Draft only; review policy, landing-page message match and tracking before upload. Do not publish without written approval."
"Search | Brand Protection | UAE","Emitronix Brand","Paused - draft only","https://emitronix.ae/contact","emitronix","contact","Emitronix Dubai","Emitronix Contracting","Contact Emitronix","Discuss Your Project","Request A Project Quote","Book A Site Inspection","Warehouse Project Support","Industrial Building Works","Civil & MEP Coordination","Authority Approval Support","Dubai Contracting Team","Send Your Drawings","Call During Business Hours","Explore Emitronix Services","Plan Your Next Project","Contact Emitronix for warehouse, industrial, civil, MEP or approval support in Dubai.","Share your project location, intended work and drawings for a practical first review.","Request a quotation or book a site inspection during published business hours.","Explore Emitronix services and choose the most relevant project enquiry route.","Responsive search ad","Draft only; review policy, landing-page message match and tracking before upload. Do not publish without written approval."
"Search | Brand Protection | UAE","Emitronix Variations","Paused - draft only","https://emitronix.ae/contact","emitronix","contact","Emitronix Dubai","Official Emitronix Website","Contact Emitronix","Emitronix Contracting","Request A Project Quote","Book A Site Inspection","Warehouse Construction Help","Industrial Project Support","Civil & MEP Coordination","Authority Approval Support","Send Your Project Details","Share Your Drawings","Dubai Project Enquiries","Explore Our Services","Speak With Our Team","Reach Emitronix for warehouse, industrial, civil, MEP and approval enquiries.","Send the project location, intended scope and available drawings for review.","Request a quotation or book a site inspection during published business hours.","Use the official Emitronix contact page to discuss your Dubai or UAE project.","Responsive search ad","Draft only; review policy, landing-page message match and tracking before upload. Do not publish without written approval."
"Search | Brand Protection | UAE","Contractor Comparison","Paused - draft only","https://emitronix.ae/warehouse-construction","warehouse","compare","Compare Warehouse Contractors","Choose With Scope Clarity","Review Interfaces First","Warehouse Contractor Dubai","Compare More Than Price","Check Drawings & Exclusions","Plan Authority Interfaces","Review Civil & MEP Scope","Request A Project Quote","Book A Site Inspection","Discuss Your Requirements","Clear Handover Planning","Dubai Warehouse Projects","Speak With Emitronix","Compare Scope & Delivery","Compare contractors on scope, assumptions, interfaces, programme and handover duties.","Share your drawings and project needs for a clear warehouse scope discussion.","Review civil, structural, MEP and authority responsibilities before appointment.","Named competitor keywords remain excluded pending legal and commercial review.","Responsive search ad","Draft only; review policy, landing-page message match and tracking before upload. Do not publish without written approval."
