URL,Google exclusion reason,Should this URL be indexed?,Root cause,Required correction,Target keyword / owner,Action completed,Validation status,Last crawled
https://emitronix.ae/contact?service=dewa-approval,Alternate page with proper canonical tag,No,Tracking or intent parameter duplicates the clean contact page.,Keep the source excluded and consolidate signals on /contact.,Qualified construction enquiry - /contact,Clean-page canonical retained to /contact; parameter URL remains out of every sitemap.,Intentional exclusion; verify destination after production deployment.,2026-08-18
https://emitronix.ae/contact?intent=site-visit,Alternate page with proper canonical tag,No,Tracking or intent parameter duplicates the clean contact page.,Keep the source excluded and consolidate signals on /contact.,Qualified construction enquiry - /contact,Clean-page canonical retained to /contact; parameter URL remains out of every sitemap.,Intentional exclusion; verify destination after production deployment.,2026-08-13
https://emitronix.ae/ar/services/design-build,Alternate page with proper canonical tag,No,Legacy service alias duplicates the canonical English or Arabic service route.,Keep the source excluded and consolidate signals on /ar/design-build.,No independent search keyword (intentional exclusion),Permanent redirect configured or confirmed to /ar/design-build; alias remains out of every sitemap.,Intentional exclusion; verify destination after production deployment.,2026-07-07
https://emitronix.ae/ar/services/interior,Alternate page with proper canonical tag,No,Legacy service alias duplicates the canonical English or Arabic service route.,Keep the source excluded and consolidate signals on /ar/interior.,No independent search keyword (intentional exclusion),Permanent redirect configured or confirmed to /ar/interior; alias remains out of every sitemap.,Intentional exclusion; verify destination after production deployment.,2026-07-07
https://emitronix.ae/ar/services/industrial-buildings,Alternate page with proper canonical tag,No,Legacy service alias duplicates the canonical English or Arabic service route.,Keep the source excluded and consolidate signals on /ar/industrial-buildings.,Factory and industrial building contractor Dubai - /industrial-buildings,Permanent redirect configured or confirmed to /ar/industrial-buildings; alias remains out of every sitemap.,Intentional exclusion; verify destination after production deployment.,2026-07-07
https://emitronix.ae/ar/services/project-management,Alternate page with proper canonical tag,No,Legacy service alias duplicates the canonical English or Arabic service route.,Keep the source excluded and consolidate signals on /ar/project-management.,No independent search keyword (intentional exclusion),Permanent redirect configured or confirmed to /ar/project-management; alias remains out of every sitemap.,Intentional exclusion; verify destination after production deployment.,2026-07-07
https://emitronix.ae/ar/services/commercial-buildings,Alternate page with proper canonical tag,No,Legacy service alias duplicates the canonical English or Arabic service route.,Keep the source excluded and consolidate signals on /ar/commercial-buildings.,No independent search keyword (intentional exclusion),Permanent redirect configured or confirmed to /ar/commercial-buildings; alias remains out of every sitemap.,Intentional exclusion; verify destination after production deployment.,2026-07-07
https://emitronix.ae/ar/services/building-renovation,Alternate page with proper canonical tag,No,Legacy service alias duplicates the canonical English or Arabic service route.,Keep the source excluded and consolidate signals on /ar/building-renovation.,Warehouse renovation and modification Dubai - /building-renovation,Permanent redirect configured or confirmed to /ar/building-renovation; alias remains out of every sitemap.,Intentional exclusion; verify destination after production deployment.,2026-07-07
https://emitronix.ae/ar/services/interior-fit-out,Alternate page with proper canonical tag,No,Legacy service alias duplicates the canonical English or Arabic service route.,Keep the source excluded and consolidate signals on /ar/interior.,No independent search keyword (intentional exclusion),Permanent redirect configured or confirmed to /ar/interior; alias remains out of every sitemap.,Intentional exclusion; verify destination after production deployment.,2026-07-07
https://emitronix.ae/ar/services/villa-construction,Alternate page with proper canonical tag,No,Legacy service alias duplicates the canonical English or Arabic service route.,Keep the source excluded and consolidate signals on /ar/villa-construction.,Villa construction Dubai - /villa-construction,Permanent redirect configured or confirmed to /ar/villa-construction; alias remains out of every sitemap.,Intentional exclusion; verify destination after production deployment.,2026-07-07
https://emitronix.ae/ar/services/civil-contracting,Alternate page with proper canonical tag,No,Legacy service alias duplicates the canonical English or Arabic service route.,Keep the source excluded and consolidate signals on /ar/civil.,No independent search keyword (intentional exclusion),Permanent redirect configured or confirmed to /ar/civil; alias remains out of every sitemap.,Intentional exclusion; verify destination after production deployment.,2026-07-07
https://emitronix.ae/ar/services/main-contracting,Alternate page with proper canonical tag,No,Legacy service alias duplicates the canonical English or Arabic service route.,Keep the source excluded and consolidate signals on /ar/main-contracting.,Main contractor Dubai - /main-contracting,Permanent redirect configured or confirmed to /ar/main-contracting; alias remains out of every sitemap.,Intentional exclusion; verify destination after production deployment.,2026-07-07
https://emitronix.ae/services/design-build,Alternate page with proper canonical tag,No,Legacy service alias duplicates the canonical English or Arabic service route.,Keep the source excluded and consolidate signals on /design-build.,No independent search keyword (intentional exclusion),Permanent redirect configured or confirmed to /design-build; alias remains out of every sitemap.,Intentional exclusion; verify destination after production deployment.,2026-07-07
https://emitronix.ae/services/structural-works,Alternate page with proper canonical tag,No,Legacy service alias duplicates the canonical English or Arabic service route.,Keep the source excluded and consolidate signals on /structural-works.,No independent search keyword (intentional exclusion),Permanent redirect configured or confirmed to /structural-works; alias remains out of every sitemap.,Intentional exclusion; verify destination after production deployment.,2026-07-07
https://emitronix.ae/ar/services/structural-works,Alternate page with proper canonical tag,No,Legacy service alias duplicates the canonical English or Arabic service route.,Keep the source excluded and consolidate signals on /ar/structural-works.,No independent search keyword (intentional exclusion),Permanent redirect configured or confirmed to /ar/structural-works; alias remains out of every sitemap.,Intentional exclusion; verify destination after production deployment.,2026-07-07
https://emitronix.ae/ar/services/warehouse-construction,Alternate page with proper canonical tag,No,Legacy service alias duplicates the canonical English or Arabic service route.,Keep the source excluded and consolidate signals on /ar/warehouse-construction.,Warehouse construction company Dubai - /warehouse-construction,Permanent redirect configured or confirmed to /ar/warehouse-construction; alias remains out of every sitemap.,Intentional exclusion; verify destination after production deployment.,2026-07-07
https://emitronix.ae/ar/contact?intent=site-visit,Alternate page with proper canonical tag,No,Tracking or intent parameter duplicates the clean contact page.,Keep the source excluded and consolidate signals on /ar/contact.,Qualified construction enquiry - /contact,Clean-page canonical retained to /ar/contact; parameter URL remains out of every sitemap.,Intentional exclusion; verify destination after production deployment.,2026-07-06
https://emitronix.ae/ar/services/turnkey-construction,Alternate page with proper canonical tag,No,Legacy service alias duplicates the canonical English or Arabic service route.,Keep the source excluded and consolidate signals on /ar/turnkey-construction.,No independent search keyword (intentional exclusion),Permanent redirect configured or confirmed to /ar/turnkey-construction; alias remains out of every sitemap.,Intentional exclusion; verify destination after production deployment.,2026-07-06
https://emitronix.ae/services/commercial-buildings,Page with redirect,No,"Intentional legacy, service-alias, language-normalization or hub-alias URL.",Keep the permanent redirect and index only /commercial-buildings.,No independent search keyword (intentional exclusion),Permanent redirect configured or confirmed to /commercial-buildings; source is absent from sitemaps and internal navigation.,Intentional exclusion; no GSC fix validation required.,See GSC export
https://emitronix.ae/services/project-management,Page with redirect,No,"Intentional legacy, service-alias, language-normalization or hub-alias URL.",Keep the permanent redirect and index only /project-management.,No independent search keyword (intentional exclusion),Permanent redirect configured or confirmed to /project-management; source is absent from sitemaps and internal navigation.,Intentional exclusion; no GSC fix validation required.,See GSC export
https://emitronix.ae/approvals,Page with redirect,No,"Intentional legacy, service-alias, language-normalization or hub-alias URL.",Keep the permanent redirect and index only /approval.,Authority approval services Dubai - /approval,Permanent redirect configured or confirmed to /approval; source is absent from sitemaps and internal navigation.,Intentional exclusion; no GSC fix validation required.,See GSC export
https://emitronix.ae/services/villa-construction,Page with redirect,No,"Intentional legacy, service-alias, language-normalization or hub-alias URL.",Keep the permanent redirect and index only /villa-construction.,Villa construction Dubai - /villa-construction,Permanent redirect configured or confirmed to /villa-construction; source is absent from sitemaps and internal navigation.,Intentional exclusion; no GSC fix validation required.,See GSC export
https://emitronix.ae/services/warehouse-construction,Page with redirect,No,"Intentional legacy, service-alias, language-normalization or hub-alias URL.",Keep the permanent redirect and index only /warehouse-construction.,Warehouse construction company Dubai - /warehouse-construction,Permanent redirect configured or confirmed to /warehouse-construction; source is absent from sitemaps and internal navigation.,Intentional exclusion; no GSC fix validation required.,See GSC export
https://emitronix.ae/services/turnkey-construction,Page with redirect,No,"Intentional legacy, service-alias, language-normalization or hub-alias URL.",Keep the permanent redirect and index only /turnkey-construction.,No independent search keyword (intentional exclusion),Permanent redirect configured or confirmed to /turnkey-construction; source is absent from sitemaps and internal navigation.,Intentional exclusion; no GSC fix validation required.,See GSC export
https://emitronix.ae/services/building-renovation,Page with redirect,No,"Intentional legacy, service-alias, language-normalization or hub-alias URL.",Keep the permanent redirect and index only /building-renovation.,Warehouse renovation and modification Dubai - /building-renovation,Permanent redirect configured or confirmed to /building-renovation; source is absent from sitemaps and internal navigation.,Intentional exclusion; no GSC fix validation required.,See GSC export
https://emitronix.ae/services/civil,Page with redirect,No,"Intentional legacy, service-alias, language-normalization or hub-alias URL.",Keep the permanent redirect and index only /civil.,No independent search keyword (intentional exclusion),Permanent redirect configured or confirmed to /civil; source is absent from sitemaps and internal navigation.,Intentional exclusion; no GSC fix validation required.,See GSC export
https://emitronix.ae/services/main-contracting,Page with redirect,No,"Intentional legacy, service-alias, language-normalization or hub-alias URL.",Keep the permanent redirect and index only /main-contracting.,Main contractor Dubai - /main-contracting,Permanent redirect configured or confirmed to /main-contracting; source is absent from sitemaps and internal navigation.,Intentional exclusion; no GSC fix validation required.,See GSC export
https://emitronix.ae/services/civil-contracting,Page with redirect,No,"Intentional legacy, service-alias, language-normalization or hub-alias URL.",Keep the permanent redirect and index only /civil.,No independent search keyword (intentional exclusion),Permanent redirect configured or confirmed to /civil; source is absent from sitemaps and internal navigation.,Intentional exclusion; no GSC fix validation required.,See GSC export
https://emitronix.ae/ar/,Page with redirect,No,"Intentional legacy, service-alias, language-normalization or hub-alias URL.",Keep the permanent redirect and index only /ar.,No independent search keyword (intentional exclusion),Permanent redirect configured or confirmed to /ar; source is absent from sitemaps and internal navigation.,Intentional exclusion; no GSC fix validation required.,See GSC export
https://emitronix.ae/services/industrial-buildings,Page with redirect,No,"Intentional legacy, service-alias, language-normalization or hub-alias URL.",Keep the permanent redirect and index only /industrial-buildings.,Factory and industrial building contractor Dubai - /industrial-buildings,Permanent redirect configured or confirmed to /industrial-buildings; source is absent from sitemaps and internal navigation.,Intentional exclusion; no GSC fix validation required.,See GSC export
https://emitronix.ae/ar/approvals,Page with redirect,No,"Intentional legacy, service-alias, language-normalization or hub-alias URL.",Keep the permanent redirect and index only /ar/approval.,Authority approval services Dubai - /approval,Permanent redirect configured or confirmed to /ar/approval; source is absent from sitemaps and internal navigation.,Intentional exclusion; no GSC fix validation required.,See GSC export
https://emitronix.ae/ar/services/civil,Page with redirect,No,"Intentional legacy, service-alias, language-normalization or hub-alias URL.",Keep the permanent redirect and index only /ar/civil.,No independent search keyword (intentional exclusion),Permanent redirect configured or confirmed to /ar/civil; source is absent from sitemaps and internal navigation.,Intentional exclusion; no GSC fix validation required.,See GSC export
https://emitronix.ae/services/interior,Page with redirect,No,"Intentional legacy, service-alias, language-normalization or hub-alias URL.",Keep the permanent redirect and index only /interior.,No independent search keyword (intentional exclusion),Permanent redirect configured or confirmed to /interior; source is absent from sitemaps and internal navigation.,Intentional exclusion; no GSC fix validation required.,See GSC export
https://emitronix.ae/services/interior-fit-out,Page with redirect,No,"Intentional legacy, service-alias, language-normalization or hub-alias URL.",Keep the permanent redirect and index only /interior.,No independent search keyword (intentional exclusion),Permanent redirect configured or confirmed to /interior; source is absent from sitemaps and internal navigation.,Intentional exclusion; no GSC fix validation required.,See GSC export
https://emitronix.ae/ar/blog/industrial-building-planning-guide-uae,Not found (404),No,Retired editorial URL from the unpublished draft inventory had no live replacement route.,Redirect only this close topical substitute to /ar/industrial-buildings.,Factory and industrial building contractor Dubai - /industrial-buildings,Clean 301 configured to /ar/industrial-buildings; source remains outside all sitemaps.,"Pending production deployment, live redirect test and GSC recrawl.",See GSC export
https://emitronix.ae/ar/blog/warehouse-construction-cost-dubai,Not found (404),No,Retired editorial URL from the unpublished draft inventory had no live replacement route.,Redirect only this close topical substitute to /ar/warehouse-construction.,Warehouse construction company Dubai - /warehouse-construction,Clean 301 configured to /ar/warehouse-construction; source remains outside all sitemaps.,"Pending production deployment, live redirect test and GSC recrawl.",See GSC export
https://emitronix.ae/blog/warehouse-design-guide-uae,Not found (404),No,Retired editorial URL from the unpublished draft inventory had no live replacement route.,Redirect only this close topical substitute to /blog/warehouse-construction-dubai-planning-design-authority-approvals.,Authority approval services Dubai - /approval,Clean 301 configured to /blog/warehouse-construction-dubai-planning-design-authority-approvals; source remains outside all sitemaps.,"Pending production deployment, live redirect test and GSC recrawl.",See GSC export
https://emitronix.ae/blog/main-contractor-vs-general-contractor-dubai,Not found (404),No,Retired editorial URL from the unpublished draft inventory had no live replacement route.,Redirect only this close topical substitute to /main-contracting.,Main contractor Dubai - /main-contracting,Clean 301 configured to /main-contracting; source remains outside all sitemaps.,"Pending production deployment, live redirect test and GSC recrawl.",See GSC export
https://emitronix.ae/blog/villa-construction-process-dubai,Not found (404),No,Retired editorial URL from the unpublished draft inventory had no live replacement route.,Redirect only this close topical substitute to /villa-construction.,Villa construction Dubai - /villa-construction,Clean 301 configured to /villa-construction; source remains outside all sitemaps.,"Pending production deployment, live redirect test and GSC recrawl.",See GSC export
https://emitronix.ae/blog/construction-cost-saving-tips-dubai,Not found (404),No,Retired editorial URL from the unpublished draft inventory had no live replacement route.,Redirect only this close topical substitute to /blog/complete-guide-civil-construction-dubai-2026.,Civil contractor Dubai - /civil,Clean 301 configured to /blog/complete-guide-civil-construction-dubai-2026; source remains outside all sitemaps.,"Pending production deployment, live redirect test and GSC recrawl.",See GSC export
https://emitronix.ae/ar/blog/main-contractor-vs-general-contractor-dubai,Not found (404),No,Retired editorial URL from the unpublished draft inventory had no live replacement route.,Redirect only this close topical substitute to /ar/main-contracting.,Main contractor Dubai - /main-contracting,Clean 301 configured to /ar/main-contracting; source remains outside all sitemaps.,"Pending production deployment, live redirect test and GSC recrawl.",See GSC export
https://emitronix.ae/ar/blog/construction-cost-saving-tips-dubai,Not found (404),No,Retired editorial URL from the unpublished draft inventory had no live replacement route.,Redirect only this close topical substitute to /ar/blog/complete-guide-civil-construction-dubai-2026.,Civil contractor Dubai - /civil,Clean 301 configured to /ar/blog/complete-guide-civil-construction-dubai-2026; source remains outside all sitemaps.,"Pending production deployment, live redirect test and GSC recrawl.",See GSC export
https://emitronix.ae/$,Not found (404),No,Malformed junk path with no legitimate content or equivalent destination.,Retain a true 404/noindex response; do not redirect junk to the homepage.,No independent search keyword (intentional exclusion),True 404 retained and confirmed absent from sitemaps and internal links.,Intentional exclusion; no validation required.,See GSC export
https://emitronix.ae/&,Not found (404),No,Malformed junk path with no legitimate content or equivalent destination.,Retain a true 404/noindex response; do not redirect junk to the homepage.,No independent search keyword (intentional exclusion),True 404 retained and confirmed absent from sitemaps and internal links.,Intentional exclusion; no validation required.,See GSC export
https://emitronix.ae/manifest.webmanifest,Crawled - currently not indexed,No,"Non-HTML browser asset discovered during rendering, not a search landing page.",Keep the asset crawlable for rendering but do not add it to an XML sitemap or request indexing.,No independent search keyword (intentional exclusion),Asset response retained; no page-indexing signal added.,Intentional exclusion; no validation required.,See GSC export
https://emitronix.ae/_next/static/media/e4af272ccee01ff0-s.p.woff2,Crawled - currently not indexed,No,"Non-HTML browser asset discovered during rendering, not a search landing page.",Keep the asset crawlable for rendering but do not add it to an XML sitemap or request indexing.,No independent search keyword (intentional exclusion),Asset response retained; no page-indexing signal added.,Intentional exclusion; no validation required.,See GSC export
https://emitronix.ae/guest-post,Excluded by noindex tag,No,Utility or contributor workflow has no independent search-landing value.,Retain noindex and keep the URL out of XML/HTML sitemaps.,No independent search keyword (intentional exclusion),Noindex retained; contributor workflow remains out of XML/HTML sitemaps.,Intentional exclusion; no validation required.,See GSC export
https://emitronix.ae/search,Excluded by noindex tag,No,Utility or contributor workflow has no independent search-landing value.,Retain noindex and keep the URL out of XML/HTML sitemaps.,No independent search keyword (intentional exclusion),"Noindex retained; public search interface remains available to users, while results stay out of sitemaps and SearchAction discovery was removed.",Intentional exclusion; no validation required.,See GSC export
https://emitronix.ae/ar/blog/choose-best-building-contractor-dubai,Discovered - currently not indexed,Yes,Canonical editorial page has not yet been crawled/processed; launch recency and weak crawl priority are the likely constraints.,Retain in the clean sitemap and article hub; inspect live and request indexing once after deployment.,How to choose a building contractor in Dubai - /ar/blog/choose-best-building-contractor-dubai,Retained as canonical/indexable in the curated sitemap and article listings.,"Pending production deployment, URL Inspection and one indexing request.",N/A
https://emitronix.ae/ar/blog/dubai-authority-approvals-dewa-dubai-municipality-dcd-trakhees,Discovered - currently not indexed,Yes,Canonical editorial page has not yet been crawled/processed; launch recency and weak crawl priority are the likely constraints.,Retain in the clean sitemap and article hub; inspect live and request indexing once after deployment.,Dubai authority approvals planning guide - /ar/blog/dubai-authority-approvals-dewa-dubai-municipality-dcd-trakhees,Retained as canonical/indexable in the curated sitemap and article listings.,"Pending production deployment, URL Inspection and one indexing request.",N/A
https://emitronix.ae/blog/cold-storage-warehouse-construction-approval-checklist,Discovered - currently not indexed,No,"Programmatic warehouse template has high cohort similarity, weak intent differentiation and competing keyword ownership.","Keep crawlable for editorial review but add noindex; remove from XML/HTML sitemaps, site search, listings and commercial hub grids until uniquely rewritten.",Authority approval services Dubai - /approval,"Noindex, follow added; URL removed from XML/HTML sitemaps, internal search, article listings and commercial hub grids.",Pending production deployment and GSC recrawl; do not request indexing.,N/A
https://emitronix.ae/blog/cold-storage-warehouse-construction-cost-factors,Discovered - currently not indexed,No,"Programmatic warehouse template has high cohort similarity, weak intent differentiation and competing keyword ownership.","Keep crawlable for editorial review but add noindex; remove from XML/HTML sitemaps, site search, listings and commercial hub grids until uniquely rewritten.",Warehouse construction company Dubai - /warehouse-construction,"Noindex, follow added; URL removed from XML/HTML sitemaps, internal search, article listings and commercial hub grids.",Pending production deployment and GSC recrawl; do not request indexing.,N/A
https://emitronix.ae/blog/cold-storage-warehouse-construction-planning-guide,Discovered - currently not indexed,No,"Programmatic warehouse template has high cohort similarity, weak intent differentiation and competing keyword ownership.","Keep crawlable for editorial review but add noindex; remove from XML/HTML sitemaps, site search, listings and commercial hub grids until uniquely rewritten.",Warehouse construction company Dubai - /warehouse-construction,"Noindex, follow added; URL removed from XML/HTML sitemaps, internal search, article listings and commercial hub grids.",Pending production deployment and GSC recrawl; do not request indexing.,N/A
https://emitronix.ae/blog/cold-storage-warehouse-construction-timeline-process,Discovered - currently not indexed,No,"Programmatic warehouse template has high cohort similarity, weak intent differentiation and competing keyword ownership.","Keep crawlable for editorial review but add noindex; remove from XML/HTML sitemaps, site search, listings and commercial hub grids until uniquely rewritten.",Warehouse construction company Dubai - /warehouse-construction,"Noindex, follow added; URL removed from XML/HTML sitemaps, internal search, article listings and commercial hub grids.",Pending production deployment and GSC recrawl; do not request indexing.,N/A
https://emitronix.ae/blog/dubai-authority-approvals-dewa-dubai-municipality-dcd-trakhees,Discovered - currently not indexed,Yes,Canonical editorial page has not yet been crawled/processed; launch recency and weak crawl priority are the likely constraints.,Retain in the clean sitemap and article hub; inspect live and request indexing once after deployment.,Dubai authority approvals planning guide - /blog/dubai-authority-approvals-dewa-dubai-municipality-dcd-trakhees,Retained as canonical/indexable in the curated sitemap and article listings.,"Pending production deployment, URL Inspection and one indexing request.",N/A
https://emitronix.ae/blog/factory-construction-uae-approval-checklist,Discovered - currently not indexed,No,"Programmatic warehouse template has high cohort similarity, weak intent differentiation and competing keyword ownership.","Keep crawlable for editorial review but add noindex; remove from XML/HTML sitemaps, site search, listings and commercial hub grids until uniquely rewritten.",Authority approval services Dubai - /approval,"Noindex, follow added; URL removed from XML/HTML sitemaps, internal search, article listings and commercial hub grids.",Pending production deployment and GSC recrawl; do not request indexing.,N/A
https://emitronix.ae/blog/industrial-building-construction-dubai-approval-checklist,Discovered - currently not indexed,No,"Programmatic warehouse template has high cohort similarity, weak intent differentiation and competing keyword ownership.","Keep crawlable for editorial review but add noindex; remove from XML/HTML sitemaps, site search, listings and commercial hub grids until uniquely rewritten.",Authority approval services Dubai - /approval,"Noindex, follow added; URL removed from XML/HTML sitemaps, internal search, article listings and commercial hub grids.",Pending production deployment and GSC recrawl; do not request indexing.,N/A
https://emitronix.ae/blog/industrial-building-construction-dubai-planning-guide,Discovered - currently not indexed,No,"Programmatic warehouse template has high cohort similarity, weak intent differentiation and competing keyword ownership.","Keep crawlable for editorial review but add noindex; remove from XML/HTML sitemaps, site search, listings and commercial hub grids until uniquely rewritten.",No independent search keyword (intentional exclusion),"Noindex, follow added; URL removed from XML/HTML sitemaps, internal search, article listings and commercial hub grids.",Pending production deployment and GSC recrawl; do not request indexing.,N/A
https://emitronix.ae/blog/industrial-warehouse-construction-uae-contractor-selection,Discovered - currently not indexed,No,"Programmatic warehouse template has high cohort similarity, weak intent differentiation and competing keyword ownership.","Keep crawlable for editorial review but add noindex; remove from XML/HTML sitemaps, site search, listings and commercial hub grids until uniquely rewritten.",Warehouse construction company Dubai - /warehouse-construction,"Noindex, follow added; URL removed from XML/HTML sitemaps, internal search, article listings and commercial hub grids.",Pending production deployment and GSC recrawl; do not request indexing.,N/A
https://emitronix.ae/blog/industrial-warehouse-construction-uae-cost-factors,Discovered - currently not indexed,No,"Programmatic warehouse template has high cohort similarity, weak intent differentiation and competing keyword ownership.","Keep crawlable for editorial review but add noindex; remove from XML/HTML sitemaps, site search, listings and commercial hub grids until uniquely rewritten.",Warehouse construction company Dubai - /warehouse-construction,"Noindex, follow added; URL removed from XML/HTML sitemaps, internal search, article listings and commercial hub grids.",Pending production deployment and GSC recrawl; do not request indexing.,N/A
https://emitronix.ae/blog/industrial-warehouse-construction-uae-planning-guide,Discovered - currently not indexed,No,"Programmatic warehouse template has high cohort similarity, weak intent differentiation and competing keyword ownership.","Keep crawlable for editorial review but add noindex; remove from XML/HTML sitemaps, site search, listings and commercial hub grids until uniquely rewritten.",Warehouse construction company Dubai - /warehouse-construction,"Noindex, follow added; URL removed from XML/HTML sitemaps, internal search, article listings and commercial hub grids.",Pending production deployment and GSC recrawl; do not request indexing.,N/A
https://emitronix.ae/blog/logistics-warehouse-construction-approval-checklist,Discovered - currently not indexed,No,"Programmatic warehouse template has high cohort similarity, weak intent differentiation and competing keyword ownership.","Keep crawlable for editorial review but add noindex; remove from XML/HTML sitemaps, site search, listings and commercial hub grids until uniquely rewritten.",Authority approval services Dubai - /approval,"Noindex, follow added; URL removed from XML/HTML sitemaps, internal search, article listings and commercial hub grids.",Pending production deployment and GSC recrawl; do not request indexing.,N/A
https://emitronix.ae/blog/logistics-warehouse-construction-planning-guide,Discovered - currently not indexed,No,"Programmatic warehouse template has high cohort similarity, weak intent differentiation and competing keyword ownership.","Keep crawlable for editorial review but add noindex; remove from XML/HTML sitemaps, site search, listings and commercial hub grids until uniquely rewritten.",Warehouse construction company Dubai - /warehouse-construction,"Noindex, follow added; URL removed from XML/HTML sitemaps, internal search, article listings and commercial hub grids.",Pending production deployment and GSC recrawl; do not request indexing.,N/A
https://emitronix.ae/blog/logistics-warehouse-construction-timeline-process,Discovered - currently not indexed,No,"Programmatic warehouse template has high cohort similarity, weak intent differentiation and competing keyword ownership.","Keep crawlable for editorial review but add noindex; remove from XML/HTML sitemaps, site search, listings and commercial hub grids until uniquely rewritten.",Warehouse construction company Dubai - /warehouse-construction,"Noindex, follow added; URL removed from XML/HTML sitemaps, internal search, article listings and commercial hub grids.",Pending production deployment and GSC recrawl; do not request indexing.,N/A
https://emitronix.ae/blog/steel-warehouse-construction-dubai-contractor-selection,Discovered - currently not indexed,No,"Programmatic warehouse template has high cohort similarity, weak intent differentiation and competing keyword ownership.","Keep crawlable for editorial review but add noindex; remove from XML/HTML sitemaps, site search, listings and commercial hub grids until uniquely rewritten.",Warehouse construction company Dubai - /warehouse-construction,"Noindex, follow added; URL removed from XML/HTML sitemaps, internal search, article listings and commercial hub grids.",Pending production deployment and GSC recrawl; do not request indexing.,N/A
https://emitronix.ae/blog/steel-warehouse-construction-dubai-timeline-process,Discovered - currently not indexed,No,"Programmatic warehouse template has high cohort similarity, weak intent differentiation and competing keyword ownership.","Keep crawlable for editorial review but add noindex; remove from XML/HTML sitemaps, site search, listings and commercial hub grids until uniquely rewritten.",Warehouse construction company Dubai - /warehouse-construction,"Noindex, follow added; URL removed from XML/HTML sitemaps, internal search, article listings and commercial hub grids.",Pending production deployment and GSC recrawl; do not request indexing.,N/A
https://emitronix.ae/blog/warehouse-authority-approvals-dubai-contractor-selection,Discovered - currently not indexed,No,"Programmatic warehouse template has high cohort similarity, weak intent differentiation and competing keyword ownership.","Keep crawlable for editorial review but add noindex; remove from XML/HTML sitemaps, site search, listings and commercial hub grids until uniquely rewritten.",Authority approval services Dubai - /approval,"Noindex, follow added; URL removed from XML/HTML sitemaps, internal search, article listings and commercial hub grids.",Pending production deployment and GSC recrawl; do not request indexing.,N/A
https://emitronix.ae/blog/warehouse-authority-approvals-dubai-cost-factors,Discovered - currently not indexed,No,"Programmatic warehouse template has high cohort similarity, weak intent differentiation and competing keyword ownership.","Keep crawlable for editorial review but add noindex; remove from XML/HTML sitemaps, site search, listings and commercial hub grids until uniquely rewritten.",Authority approval services Dubai - /approval,"Noindex, follow added; URL removed from XML/HTML sitemaps, internal search, article listings and commercial hub grids.",Pending production deployment and GSC recrawl; do not request indexing.,N/A
https://emitronix.ae/blog/warehouse-authority-approvals-dubai-timeline-process,Discovered - currently not indexed,No,"Programmatic warehouse template has high cohort similarity, weak intent differentiation and competing keyword ownership.","Keep crawlable for editorial review but add noindex; remove from XML/HTML sitemaps, site search, listings and commercial hub grids until uniquely rewritten.",Authority approval services Dubai - /approval,"Noindex, follow added; URL removed from XML/HTML sitemaps, internal search, article listings and commercial hub grids.",Pending production deployment and GSC recrawl; do not request indexing.,N/A
https://emitronix.ae/blog/warehouse-construction-dubai-approval-checklist,Discovered - currently not indexed,No,"Programmatic warehouse template has high cohort similarity, weak intent differentiation and competing keyword ownership.","Keep crawlable for editorial review but add noindex; remove from XML/HTML sitemaps, site search, listings and commercial hub grids until uniquely rewritten.",Authority approval services Dubai - /approval,"Noindex, follow added; URL removed from XML/HTML sitemaps, internal search, article listings and commercial hub grids.",Pending production deployment and GSC recrawl; do not request indexing.,N/A
https://emitronix.ae/blog/warehouse-construction-dubai-planning-guide,Discovered - currently not indexed,No,"Programmatic warehouse template has high cohort similarity, weak intent differentiation and competing keyword ownership.","Keep crawlable for editorial review but add noindex; remove from XML/HTML sitemaps, site search, listings and commercial hub grids until uniquely rewritten.",Warehouse construction company Dubai - /warehouse-construction,"Noindex, follow added; URL removed from XML/HTML sitemaps, internal search, article listings and commercial hub grids.",Pending production deployment and GSC recrawl; do not request indexing.,N/A
https://emitronix.ae/blog/warehouse-contractors-dubai-cost-factors,Discovered - currently not indexed,No,"Programmatic warehouse template has high cohort similarity, weak intent differentiation and competing keyword ownership.","Keep crawlable for editorial review but add noindex; remove from XML/HTML sitemaps, site search, listings and commercial hub grids until uniquely rewritten.",No independent search keyword (intentional exclusion),"Noindex, follow added; URL removed from XML/HTML sitemaps, internal search, article listings and commercial hub grids.",Pending production deployment and GSC recrawl; do not request indexing.,N/A
https://emitronix.ae/blog/warehouse-dcd-approvals-approval-checklist,Discovered - currently not indexed,No,"Programmatic warehouse template has high cohort similarity, weak intent differentiation and competing keyword ownership.","Keep crawlable for editorial review but add noindex; remove from XML/HTML sitemaps, site search, listings and commercial hub grids until uniquely rewritten.",DCD approval support Dubai - /dcd-approvals,"Noindex, follow added; URL removed from XML/HTML sitemaps, internal search, article listings and commercial hub grids.",Pending production deployment and GSC recrawl; do not request indexing.,N/A
https://emitronix.ae/blog/warehouse-dcd-approvals-cost-factors,Discovered - currently not indexed,No,"Programmatic warehouse template has high cohort similarity, weak intent differentiation and competing keyword ownership.","Keep crawlable for editorial review but add noindex; remove from XML/HTML sitemaps, site search, listings and commercial hub grids until uniquely rewritten.",DCD approval support Dubai - /dcd-approvals,"Noindex, follow added; URL removed from XML/HTML sitemaps, internal search, article listings and commercial hub grids.",Pending production deployment and GSC recrawl; do not request indexing.,N/A
https://emitronix.ae/blog/warehouse-dcd-approvals-planning-guide,Discovered - currently not indexed,No,"Programmatic warehouse template has high cohort similarity, weak intent differentiation and competing keyword ownership.","Keep crawlable for editorial review but add noindex; remove from XML/HTML sitemaps, site search, listings and commercial hub grids until uniquely rewritten.",DCD approval support Dubai - /dcd-approvals,"Noindex, follow added; URL removed from XML/HTML sitemaps, internal search, article listings and commercial hub grids.",Pending production deployment and GSC recrawl; do not request indexing.,N/A
https://emitronix.ae/blog/warehouse-dcd-approvals-timeline-process,Discovered - currently not indexed,No,"Programmatic warehouse template has high cohort similarity, weak intent differentiation and competing keyword ownership.","Keep crawlable for editorial review but add noindex; remove from XML/HTML sitemaps, site search, listings and commercial hub grids until uniquely rewritten.",DCD approval support Dubai - /dcd-approvals,"Noindex, follow added; URL removed from XML/HTML sitemaps, internal search, article listings and commercial hub grids.",Pending production deployment and GSC recrawl; do not request indexing.,N/A
https://emitronix.ae/blog/warehouse-design-and-build-dubai-approval-checklist,Discovered - currently not indexed,No,"Programmatic warehouse template has high cohort similarity, weak intent differentiation and competing keyword ownership.","Keep crawlable for editorial review but add noindex; remove from XML/HTML sitemaps, site search, listings and commercial hub grids until uniquely rewritten.",Authority approval services Dubai - /approval,"Noindex, follow added; URL removed from XML/HTML sitemaps, internal search, article listings and commercial hub grids.",Pending production deployment and GSC recrawl; do not request indexing.,N/A
https://emitronix.ae/blog/warehouse-design-and-build-dubai-contractor-selection,Discovered - currently not indexed,No,"Programmatic warehouse template has high cohort similarity, weak intent differentiation and competing keyword ownership.","Keep crawlable for editorial review but add noindex; remove from XML/HTML sitemaps, site search, listings and commercial hub grids until uniquely rewritten.",No independent search keyword (intentional exclusion),"Noindex, follow added; URL removed from XML/HTML sitemaps, internal search, article listings and commercial hub grids.",Pending production deployment and GSC recrawl; do not request indexing.,N/A
https://emitronix.ae/blog/warehouse-dewa-approvals-contractor-selection,Discovered - currently not indexed,No,"Programmatic warehouse template has high cohort similarity, weak intent differentiation and competing keyword ownership.","Keep crawlable for editorial review but add noindex; remove from XML/HTML sitemaps, site search, listings and commercial hub grids until uniquely rewritten.",DEWA approval coordination Dubai - /dewa-approvals,"Noindex, follow added; URL removed from XML/HTML sitemaps, internal search, article listings and commercial hub grids.",Pending production deployment and GSC recrawl; do not request indexing.,N/A
https://emitronix.ae/blog/warehouse-dewa-approvals-planning-guide,Discovered - currently not indexed,No,"Programmatic warehouse template has high cohort similarity, weak intent differentiation and competing keyword ownership.","Keep crawlable for editorial review but add noindex; remove from XML/HTML sitemaps, site search, listings and commercial hub grids until uniquely rewritten.",DEWA approval coordination Dubai - /dewa-approvals,"Noindex, follow added; URL removed from XML/HTML sitemaps, internal search, article listings and commercial hub grids.",Pending production deployment and GSC recrawl; do not request indexing.,N/A
https://emitronix.ae/blog/warehouse-dewa-approvals-timeline-process,Discovered - currently not indexed,No,"Programmatic warehouse template has high cohort similarity, weak intent differentiation and competing keyword ownership.","Keep crawlable for editorial review but add noindex; remove from XML/HTML sitemaps, site search, listings and commercial hub grids until uniquely rewritten.",DEWA approval coordination Dubai - /dewa-approvals,"Noindex, follow added; URL removed from XML/HTML sitemaps, internal search, article listings and commercial hub grids.",Pending production deployment and GSC recrawl; do not request indexing.,N/A
https://emitronix.ae/blog/warehouse-dubai-municipality-approvals-cost-factors,Discovered - currently not indexed,No,"Programmatic warehouse template has high cohort similarity, weak intent differentiation and competing keyword ownership.","Keep crawlable for editorial review but add noindex; remove from XML/HTML sitemaps, site search, listings and commercial hub grids until uniquely rewritten.",Dubai Municipality approval services - /dubai-municipality-approval,"Noindex, follow added; URL removed from XML/HTML sitemaps, internal search, article listings and commercial hub grids.",Pending production deployment and GSC recrawl; do not request indexing.,N/A
https://emitronix.ae/blog/warehouse-dubai-municipality-approvals-planning-guide,Discovered - currently not indexed,No,"Programmatic warehouse template has high cohort similarity, weak intent differentiation and competing keyword ownership.","Keep crawlable for editorial review but add noindex; remove from XML/HTML sitemaps, site search, listings and commercial hub grids until uniquely rewritten.",Dubai Municipality approval services - /dubai-municipality-approval,"Noindex, follow added; URL removed from XML/HTML sitemaps, internal search, article listings and commercial hub grids.",Pending production deployment and GSC recrawl; do not request indexing.,N/A
https://emitronix.ae/blog/warehouse-fire-fighting-dubai-approval-checklist,Discovered - currently not indexed,No,"Programmatic warehouse template has high cohort similarity, weak intent differentiation and competing keyword ownership.","Keep crawlable for editorial review but add noindex; remove from XML/HTML sitemaps, site search, listings and commercial hub grids until uniquely rewritten.",Authority approval services Dubai - /approval,"Noindex, follow added; URL removed from XML/HTML sitemaps, internal search, article listings and commercial hub grids.",Pending production deployment and GSC recrawl; do not request indexing.,N/A
https://emitronix.ae/blog/warehouse-fire-fighting-dubai-cost-factors,Discovered - currently not indexed,No,"Programmatic warehouse template has high cohort similarity, weak intent differentiation and competing keyword ownership.","Keep crawlable for editorial review but add noindex; remove from XML/HTML sitemaps, site search, listings and commercial hub grids until uniquely rewritten.",No independent search keyword (intentional exclusion),"Noindex, follow added; URL removed from XML/HTML sitemaps, internal search, article listings and commercial hub grids.",Pending production deployment and GSC recrawl; do not request indexing.,N/A
https://emitronix.ae/blog/warehouse-fit-out-dubai-planning-guide,Discovered - currently not indexed,No,"Programmatic warehouse template has high cohort similarity, weak intent differentiation and competing keyword ownership.","Keep crawlable for editorial review but add noindex; remove from XML/HTML sitemaps, site search, listings and commercial hub grids until uniquely rewritten.",No independent search keyword (intentional exclusion),"Noindex, follow added; URL removed from XML/HTML sitemaps, internal search, article listings and commercial hub grids.",Pending production deployment and GSC recrawl; do not request indexing.,N/A
https://emitronix.ae/blog/warehouse-flooring-dubai-approval-checklist,Discovered - currently not indexed,No,"Programmatic warehouse template has high cohort similarity, weak intent differentiation and competing keyword ownership.","Keep crawlable for editorial review but add noindex; remove from XML/HTML sitemaps, site search, listings and commercial hub grids until uniquely rewritten.",Authority approval services Dubai - /approval,"Noindex, follow added; URL removed from XML/HTML sitemaps, internal search, article listings and commercial hub grids.",Pending production deployment and GSC recrawl; do not request indexing.,N/A
https://emitronix.ae/blog/warehouse-flooring-dubai-cost-factors,Discovered - currently not indexed,No,"Programmatic warehouse template has high cohort similarity, weak intent differentiation and competing keyword ownership.","Keep crawlable for editorial review but add noindex; remove from XML/HTML sitemaps, site search, listings and commercial hub grids until uniquely rewritten.",No independent search keyword (intentional exclusion),"Noindex, follow added; URL removed from XML/HTML sitemaps, internal search, article listings and commercial hub grids.",Pending production deployment and GSC recrawl; do not request indexing.,N/A
https://emitronix.ae/blog/warehouse-flooring-dubai-planning-guide,Discovered - currently not indexed,No,"Programmatic warehouse template has high cohort similarity, weak intent differentiation and competing keyword ownership.","Keep crawlable for editorial review but add noindex; remove from XML/HTML sitemaps, site search, listings and commercial hub grids until uniquely rewritten.",No independent search keyword (intentional exclusion),"Noindex, follow added; URL removed from XML/HTML sitemaps, internal search, article listings and commercial hub grids.",Pending production deployment and GSC recrawl; do not request indexing.,N/A
https://emitronix.ae/blog/warehouse-project-management-dubai-approval-checklist,Discovered - currently not indexed,No,"Programmatic warehouse template has high cohort similarity, weak intent differentiation and competing keyword ownership.","Keep crawlable for editorial review but add noindex; remove from XML/HTML sitemaps, site search, listings and commercial hub grids until uniquely rewritten.",Authority approval services Dubai - /approval,"Noindex, follow added; URL removed from XML/HTML sitemaps, internal search, article listings and commercial hub grids.",Pending production deployment and GSC recrawl; do not request indexing.,N/A
https://emitronix.ae/blog/warehouse-project-management-dubai-planning-guide,Discovered - currently not indexed,No,"Programmatic warehouse template has high cohort similarity, weak intent differentiation and competing keyword ownership.","Keep crawlable for editorial review but add noindex; remove from XML/HTML sitemaps, site search, listings and commercial hub grids until uniquely rewritten.",No independent search keyword (intentional exclusion),"Noindex, follow added; URL removed from XML/HTML sitemaps, internal search, article listings and commercial hub grids.",Pending production deployment and GSC recrawl; do not request indexing.,N/A
https://emitronix.ae/blog/warehouse-project-management-dubai-timeline-process,Discovered - currently not indexed,No,"Programmatic warehouse template has high cohort similarity, weak intent differentiation and competing keyword ownership.","Keep crawlable for editorial review but add noindex; remove from XML/HTML sitemaps, site search, listings and commercial hub grids until uniquely rewritten.",No independent search keyword (intentional exclusion),"Noindex, follow added; URL removed from XML/HTML sitemaps, internal search, article listings and commercial hub grids.",Pending production deployment and GSC recrawl; do not request indexing.,N/A
https://emitronix.ae/warehouse/cold-storage-warehouse,Discovered - currently not indexed,No,"Programmatic warehouse template has high cohort similarity, weak intent differentiation and competing keyword ownership.","Keep crawlable for editorial review but add noindex; remove from XML/HTML sitemaps, site search, listings and commercial hub grids until uniquely rewritten.",Warehouse construction company Dubai - /warehouse-construction,"Noindex, follow added; URL removed from XML/HTML sitemaps, internal search, article listings and commercial hub grids.",Pending production deployment and GSC recrawl; do not request indexing.,N/A
https://emitronix.ae/warehouse/distribution-centre-construction,Discovered - currently not indexed,No,"Programmatic warehouse template has high cohort similarity, weak intent differentiation and competing keyword ownership.","Keep crawlable for editorial review but add noindex; remove from XML/HTML sitemaps, site search, listings and commercial hub grids until uniquely rewritten.",Warehouse construction company Dubai - /warehouse-construction,"Noindex, follow added; URL removed from XML/HTML sitemaps, internal search, article listings and commercial hub grids.",Pending production deployment and GSC recrawl; do not request indexing.,N/A
https://emitronix.ae/warehouse/factory-construction,Discovered - currently not indexed,No,Programmatic warehouse page overlaps a stronger commercial service page and has a close substitute.,Consolidate the source into /industrial-buildings with a permanent redirect.,Factory and industrial building contractor Dubai - /industrial-buildings,"Clean 301 configured to /industrial-buildings; source removed from sitemap, search and hub grids.","Pending production deployment, live redirect test and GSC recrawl.",N/A
https://emitronix.ae/warehouse/industrial-building-construction,Discovered - currently not indexed,No,Programmatic warehouse page overlaps a stronger commercial service page and has a close substitute.,Consolidate the source into /industrial-buildings with a permanent redirect.,Factory and industrial building contractor Dubai - /industrial-buildings,"Clean 301 configured to /industrial-buildings; source removed from sitemap, search and hub grids.","Pending production deployment, live redirect test and GSC recrawl.",N/A
https://emitronix.ae/warehouse/industrial-warehouse-construction,Discovered - currently not indexed,No,Programmatic warehouse page overlaps a stronger commercial service page and has a close substitute.,Consolidate the source into /warehouse-construction with a permanent redirect.,Warehouse construction company Dubai - /warehouse-construction,"Clean 301 configured to /warehouse-construction; source removed from sitemap, search and hub grids.","Pending production deployment, live redirect test and GSC recrawl.",N/A
https://emitronix.ae/warehouse/logistics-warehouse,Discovered - currently not indexed,No,"Programmatic warehouse template has high cohort similarity, weak intent differentiation and competing keyword ownership.","Keep crawlable for editorial review but add noindex; remove from XML/HTML sitemaps, site search, listings and commercial hub grids until uniquely rewritten.",Warehouse construction company Dubai - /warehouse-construction,"Noindex, follow added; URL removed from XML/HTML sitemaps, internal search, article listings and commercial hub grids.",Pending production deployment and GSC recrawl; do not request indexing.,N/A
https://emitronix.ae/warehouse/steel-warehouse-construction,Discovered - currently not indexed,No,"Programmatic warehouse template has high cohort similarity, weak intent differentiation and competing keyword ownership.","Keep crawlable for editorial review but add noindex; remove from XML/HTML sitemaps, site search, listings and commercial hub grids until uniquely rewritten.",Warehouse construction company Dubai - /warehouse-construction,"Noindex, follow added; URL removed from XML/HTML sitemaps, internal search, article listings and commercial hub grids.",Pending production deployment and GSC recrawl; do not request indexing.,N/A
https://emitronix.ae/warehouse/warehouse-civil-contractor,Discovered - currently not indexed,No,"Programmatic warehouse template has high cohort similarity, weak intent differentiation and competing keyword ownership.","Keep crawlable for editorial review but add noindex; remove from XML/HTML sitemaps, site search, listings and commercial hub grids until uniquely rewritten.",Warehouse construction company Dubai - /warehouse-construction,"Noindex, follow added; URL removed from XML/HTML sitemaps, internal search, article listings and commercial hub grids.",Pending production deployment and GSC recrawl; do not request indexing.,N/A
https://emitronix.ae/warehouse/warehouse-civil-works,Discovered - currently not indexed,No,"Programmatic warehouse template has high cohort similarity, weak intent differentiation and competing keyword ownership.","Keep crawlable for editorial review but add noindex; remove from XML/HTML sitemaps, site search, listings and commercial hub grids until uniquely rewritten.",Warehouse construction company Dubai - /warehouse-construction,"Noindex, follow added; URL removed from XML/HTML sitemaps, internal search, article listings and commercial hub grids.",Pending production deployment and GSC recrawl; do not request indexing.,N/A
https://emitronix.ae/warehouse/warehouse-completion,Discovered - currently not indexed,No,"Programmatic warehouse template has high cohort similarity, weak intent differentiation and competing keyword ownership.","Keep crawlable for editorial review but add noindex; remove from XML/HTML sitemaps, site search, listings and commercial hub grids until uniquely rewritten.",Warehouse construction company Dubai - /warehouse-construction,"Noindex, follow added; URL removed from XML/HTML sitemaps, internal search, article listings and commercial hub grids.",Pending production deployment and GSC recrawl; do not request indexing.,N/A
https://emitronix.ae/warehouse/warehouse-compliance-uae,Discovered - currently not indexed,No,"Programmatic warehouse template has high cohort similarity, weak intent differentiation and competing keyword ownership.","Keep crawlable for editorial review but add noindex; remove from XML/HTML sitemaps, site search, listings and commercial hub grids until uniquely rewritten.",Warehouse construction company Dubai - /warehouse-construction,"Noindex, follow added; URL removed from XML/HTML sitemaps, internal search, article listings and commercial hub grids.",Pending production deployment and GSC recrawl; do not request indexing.,N/A
https://emitronix.ae/warehouse/warehouse-concrete-works,Discovered - currently not indexed,No,"Programmatic warehouse template has high cohort similarity, weak intent differentiation and competing keyword ownership.","Keep crawlable for editorial review but add noindex; remove from XML/HTML sitemaps, site search, listings and commercial hub grids until uniquely rewritten.",Warehouse construction company Dubai - /warehouse-construction,"Noindex, follow added; URL removed from XML/HTML sitemaps, internal search, article listings and commercial hub grids.",Pending production deployment and GSC recrawl; do not request indexing.,N/A
https://emitronix.ae/warehouse/warehouse-construction-dubai,Discovered - currently not indexed,No,Programmatic warehouse page overlaps a stronger commercial service page and has a close substitute.,Consolidate the source into /warehouse-construction with a permanent redirect.,Warehouse construction company Dubai - /warehouse-construction,"Clean 301 configured to /warehouse-construction; source removed from sitemap, search and hub grids.","Pending production deployment, live redirect test and GSC recrawl.",N/A
https://emitronix.ae/warehouse/warehouse-construction-timeline,Discovered - currently not indexed,No,"Programmatic warehouse template has high cohort similarity, weak intent differentiation and competing keyword ownership.","Keep crawlable for editorial review but add noindex; remove from XML/HTML sitemaps, site search, listings and commercial hub grids until uniquely rewritten.",Warehouse construction company Dubai - /warehouse-construction,"Noindex, follow added; URL removed from XML/HTML sitemaps, internal search, article listings and commercial hub grids.",Pending production deployment and GSC recrawl; do not request indexing.,N/A
https://emitronix.ae/warehouse/warehouse-contractor-checklist,Discovered - currently not indexed,No,"Programmatic warehouse template has high cohort similarity, weak intent differentiation and competing keyword ownership.","Keep crawlable for editorial review but add noindex; remove from XML/HTML sitemaps, site search, listings and commercial hub grids until uniquely rewritten.",Warehouse construction company Dubai - /warehouse-construction,"Noindex, follow added; URL removed from XML/HTML sitemaps, internal search, article listings and commercial hub grids.",Pending production deployment and GSC recrawl; do not request indexing.,N/A
https://emitronix.ae/warehouse/warehouse-cost-guide,Discovered - currently not indexed,No,"Programmatic warehouse template has high cohort similarity, weak intent differentiation and competing keyword ownership.","Keep crawlable for editorial review but add noindex; remove from XML/HTML sitemaps, site search, listings and commercial hub grids until uniquely rewritten.",Warehouse construction company Dubai - /warehouse-construction,"Noindex, follow added; URL removed from XML/HTML sitemaps, internal search, article listings and commercial hub grids.",Pending production deployment and GSC recrawl; do not request indexing.,N/A
https://emitronix.ae/warehouse/warehouse-design-build,Discovered - currently not indexed,No,"Programmatic warehouse template has high cohort similarity, weak intent differentiation and competing keyword ownership.","Keep crawlable for editorial review but add noindex; remove from XML/HTML sitemaps, site search, listings and commercial hub grids until uniquely rewritten.",Warehouse construction company Dubai - /warehouse-construction,"Noindex, follow added; URL removed from XML/HTML sitemaps, internal search, article listings and commercial hub grids.",Pending production deployment and GSC recrawl; do not request indexing.,N/A
https://emitronix.ae/warehouse/warehouse-design-standards-uae,Discovered - currently not indexed,No,"Programmatic warehouse template has high cohort similarity, weak intent differentiation and competing keyword ownership.","Keep crawlable for editorial review but add noindex; remove from XML/HTML sitemaps, site search, listings and commercial hub grids until uniquely rewritten.",Warehouse construction company Dubai - /warehouse-construction,"Noindex, follow added; URL removed from XML/HTML sitemaps, internal search, article listings and commercial hub grids.",Pending production deployment and GSC recrawl; do not request indexing.,N/A
https://emitronix.ae/warehouse/warehouse-dewa-approvals,Discovered - currently not indexed,No,"Programmatic warehouse template has high cohort similarity, weak intent differentiation and competing keyword ownership.","Keep crawlable for editorial review but add noindex; remove from XML/HTML sitemaps, site search, listings and commercial hub grids until uniquely rewritten.",DEWA approval coordination Dubai - /dewa-approvals,"Noindex, follow added; URL removed from XML/HTML sitemaps, internal search, article listings and commercial hub grids.",Pending production deployment and GSC recrawl; do not request indexing.,N/A
https://emitronix.ae/warehouse/warehouse-dm-approvals,Discovered - currently not indexed,No,"Programmatic warehouse template has high cohort similarity, weak intent differentiation and competing keyword ownership.","Keep crawlable for editorial review but add noindex; remove from XML/HTML sitemaps, site search, listings and commercial hub grids until uniquely rewritten.",Authority approval services Dubai - /approval,"Noindex, follow added; URL removed from XML/HTML sitemaps, internal search, article listings and commercial hub grids.",Pending production deployment and GSC recrawl; do not request indexing.,N/A
https://emitronix.ae/warehouse/warehouse-epc-contractor,Discovered - currently not indexed,No,"Programmatic warehouse template has high cohort similarity, weak intent differentiation and competing keyword ownership.","Keep crawlable for editorial review but add noindex; remove from XML/HTML sitemaps, site search, listings and commercial hub grids until uniquely rewritten.",Warehouse construction company Dubai - /warehouse-construction,"Noindex, follow added; URL removed from XML/HTML sitemaps, internal search, article listings and commercial hub grids.",Pending production deployment and GSC recrawl; do not request indexing.,N/A
https://emitronix.ae/warehouse/warehouse-expansion,Discovered - currently not indexed,No,"Programmatic warehouse template has high cohort similarity, weak intent differentiation and competing keyword ownership.","Keep crawlable for editorial review but add noindex; remove from XML/HTML sitemaps, site search, listings and commercial hub grids until uniquely rewritten.",Warehouse construction company Dubai - /warehouse-construction,"Noindex, follow added; URL removed from XML/HTML sitemaps, internal search, article listings and commercial hub grids.",Pending production deployment and GSC recrawl; do not request indexing.,N/A
https://emitronix.ae/warehouse/warehouse-fire-alarm,Discovered - currently not indexed,No,"Programmatic warehouse template has high cohort similarity, weak intent differentiation and competing keyword ownership.","Keep crawlable for editorial review but add noindex; remove from XML/HTML sitemaps, site search, listings and commercial hub grids until uniquely rewritten.",Warehouse construction company Dubai - /warehouse-construction,"Noindex, follow added; URL removed from XML/HTML sitemaps, internal search, article listings and commercial hub grids.",Pending production deployment and GSC recrawl; do not request indexing.,N/A
https://emitronix.ae/warehouse/warehouse-fire-fighting,Discovered - currently not indexed,No,"Programmatic warehouse template has high cohort similarity, weak intent differentiation and competing keyword ownership.","Keep crawlable for editorial review but add noindex; remove from XML/HTML sitemaps, site search, listings and commercial hub grids until uniquely rewritten.",Warehouse construction company Dubai - /warehouse-construction,"Noindex, follow added; URL removed from XML/HTML sitemaps, internal search, article listings and commercial hub grids.",Pending production deployment and GSC recrawl; do not request indexing.,N/A
https://emitronix.ae/warehouse/warehouse-fit-out,Discovered - currently not indexed,No,"Programmatic warehouse template has high cohort similarity, weak intent differentiation and competing keyword ownership.","Keep crawlable for editorial review but add noindex; remove from XML/HTML sitemaps, site search, listings and commercial hub grids until uniquely rewritten.",Warehouse construction company Dubai - /warehouse-construction,"Noindex, follow added; URL removed from XML/HTML sitemaps, internal search, article listings and commercial hub grids.",Pending production deployment and GSC recrawl; do not request indexing.,N/A
https://emitronix.ae/warehouse/warehouse-flooring,Discovered - currently not indexed,No,"Programmatic warehouse template has high cohort similarity, weak intent differentiation and competing keyword ownership.","Keep crawlable for editorial review but add noindex; remove from XML/HTML sitemaps, site search, listings and commercial hub grids until uniquely rewritten.",Warehouse construction company Dubai - /warehouse-construction,"Noindex, follow added; URL removed from XML/HTML sitemaps, internal search, article listings and commercial hub grids.",Pending production deployment and GSC recrawl; do not request indexing.,N/A
https://emitronix.ae/warehouse/warehouse-foundations,Discovered - currently not indexed,No,"Programmatic warehouse template has high cohort similarity, weak intent differentiation and competing keyword ownership.","Keep crawlable for editorial review but add noindex; remove from XML/HTML sitemaps, site search, listings and commercial hub grids until uniquely rewritten.",Warehouse construction company Dubai - /warehouse-construction,"Noindex, follow added; URL removed from XML/HTML sitemaps, internal search, article listings and commercial hub grids.",Pending production deployment and GSC recrawl; do not request indexing.,N/A
https://emitronix.ae/warehouse/warehouse-infrastructure,Discovered - currently not indexed,No,"Programmatic warehouse template has high cohort similarity, weak intent differentiation and competing keyword ownership.","Keep crawlable for editorial review but add noindex; remove from XML/HTML sitemaps, site search, listings and commercial hub grids until uniquely rewritten.",Warehouse construction company Dubai - /warehouse-construction,"Noindex, follow added; URL removed from XML/HTML sitemaps, internal search, article listings and commercial hub grids.",Pending production deployment and GSC recrawl; do not request indexing.,N/A
https://emitronix.ae/warehouse/warehouse-landscaping,Discovered - currently not indexed,No,"Programmatic warehouse template has high cohort similarity, weak intent differentiation and competing keyword ownership.","Keep crawlable for editorial review but add noindex; remove from XML/HTML sitemaps, site search, listings and commercial hub grids until uniquely rewritten.",Warehouse construction company Dubai - /warehouse-construction,"Noindex, follow added; URL removed from XML/HTML sitemaps, internal search, article listings and commercial hub grids.",Pending production deployment and GSC recrawl; do not request indexing.,N/A
https://emitronix.ae/warehouse/warehouse-loading-dock-construction,Discovered - currently not indexed,No,"Programmatic warehouse template has high cohort similarity, weak intent differentiation and competing keyword ownership.","Keep crawlable for editorial review but add noindex; remove from XML/HTML sitemaps, site search, listings and commercial hub grids until uniquely rewritten.",Warehouse construction company Dubai - /warehouse-construction,"Noindex, follow added; URL removed from XML/HTML sitemaps, internal search, article listings and commercial hub grids.",Pending production deployment and GSC recrawl; do not request indexing.,N/A
https://emitronix.ae/warehouse/warehouse-maintenance,Discovered - currently not indexed,No,"Programmatic warehouse template has high cohort similarity, weak intent differentiation and competing keyword ownership.","Keep crawlable for editorial review but add noindex; remove from XML/HTML sitemaps, site search, listings and commercial hub grids until uniquely rewritten.",Warehouse construction company Dubai - /warehouse-construction,"Noindex, follow added; URL removed from XML/HTML sitemaps, internal search, article listings and commercial hub grids.",Pending production deployment and GSC recrawl; do not request indexing.,N/A
https://emitronix.ae/warehouse/warehouse-office-construction,Discovered - currently not indexed,No,"Programmatic warehouse template has high cohort similarity, weak intent differentiation and competing keyword ownership.","Keep crawlable for editorial review but add noindex; remove from XML/HTML sitemaps, site search, listings and commercial hub grids until uniquely rewritten.",Warehouse construction company Dubai - /warehouse-construction,"Noindex, follow added; URL removed from XML/HTML sitemaps, internal search, article listings and commercial hub grids.",Pending production deployment and GSC recrawl; do not request indexing.,N/A
https://emitronix.ae/warehouse/warehouse-parking-construction,Discovered - currently not indexed,No,"Programmatic warehouse template has high cohort similarity, weak intent differentiation and competing keyword ownership.","Keep crawlable for editorial review but add noindex; remove from XML/HTML sitemaps, site search, listings and commercial hub grids until uniquely rewritten.",Warehouse construction company Dubai - /warehouse-construction,"Noindex, follow added; URL removed from XML/HTML sitemaps, internal search, article listings and commercial hub grids.",Pending production deployment and GSC recrawl; do not request indexing.,N/A
https://emitronix.ae/warehouse/warehouse-planning,Discovered - currently not indexed,No,"Programmatic warehouse template has high cohort similarity, weak intent differentiation and competing keyword ownership.","Keep crawlable for editorial review but add noindex; remove from XML/HTML sitemaps, site search, listings and commercial hub grids until uniquely rewritten.",Warehouse construction company Dubai - /warehouse-construction,"Noindex, follow added; URL removed from XML/HTML sitemaps, internal search, article listings and commercial hub grids.",Pending production deployment and GSC recrawl; do not request indexing.,N/A
https://emitronix.ae/warehouse/warehouse-project-management,Discovered - currently not indexed,No,"Programmatic warehouse template has high cohort similarity, weak intent differentiation and competing keyword ownership.","Keep crawlable for editorial review but add noindex; remove from XML/HTML sitemaps, site search, listings and commercial hub grids until uniquely rewritten.",Warehouse construction company Dubai - /warehouse-construction,"Noindex, follow added; URL removed from XML/HTML sitemaps, internal search, article listings and commercial hub grids.",Pending production deployment and GSC recrawl; do not request indexing.,N/A
https://emitronix.ae/warehouse/warehouse-renovation,Discovered - currently not indexed,No,Programmatic warehouse page overlaps a stronger commercial service page and has a close substitute.,Consolidate the source into /building-renovation with a permanent redirect.,Warehouse renovation and modification Dubai - /building-renovation,"Clean 301 configured to /building-renovation; source removed from sitemap, search and hub grids.","Pending production deployment, live redirect test and GSC recrawl.",N/A
https://emitronix.ae/warehouse/warehouse-road-works,Discovered - currently not indexed,No,"Programmatic warehouse template has high cohort similarity, weak intent differentiation and competing keyword ownership.","Keep crawlable for editorial review but add noindex; remove from XML/HTML sitemaps, site search, listings and commercial hub grids until uniquely rewritten.",Warehouse construction company Dubai - /warehouse-construction,"Noindex, follow added; URL removed from XML/HTML sitemaps, internal search, article listings and commercial hub grids.",Pending production deployment and GSC recrawl; do not request indexing.,N/A
https://emitronix.ae/warehouse/warehouse-roofing,Discovered - currently not indexed,No,"Programmatic warehouse template has high cohort similarity, weak intent differentiation and competing keyword ownership.","Keep crawlable for editorial review but add noindex; remove from XML/HTML sitemaps, site search, listings and commercial hub grids until uniquely rewritten.",Warehouse construction company Dubai - /warehouse-construction,"Noindex, follow added; URL removed from XML/HTML sitemaps, internal search, article listings and commercial hub grids.",Pending production deployment and GSC recrawl; do not request indexing.,N/A
https://emitronix.ae/warehouse/warehouse-safety-standards,Discovered - currently not indexed,No,"Programmatic warehouse template has high cohort similarity, weak intent differentiation and competing keyword ownership.","Keep crawlable for editorial review but add noindex; remove from XML/HTML sitemaps, site search, listings and commercial hub grids until uniquely rewritten.",Warehouse construction company Dubai - /warehouse-construction,"Noindex, follow added; URL removed from XML/HTML sitemaps, internal search, article listings and commercial hub grids.",Pending production deployment and GSC recrawl; do not request indexing.,N/A
https://emitronix.ae/warehouse/warehouse-structural-steel,Discovered - currently not indexed,No,"Programmatic warehouse template has high cohort similarity, weak intent differentiation and competing keyword ownership.","Keep crawlable for editorial review but add noindex; remove from XML/HTML sitemaps, site search, listings and commercial hub grids until uniquely rewritten.",Warehouse construction company Dubai - /warehouse-construction,"Noindex, follow added; URL removed from XML/HTML sitemaps, internal search, article listings and commercial hub grids.",Pending production deployment and GSC recrawl; do not request indexing.,N/A
https://emitronix.ae/warehouse/warehouse-turnkey-contractor,Discovered - currently not indexed,No,"Programmatic warehouse template has high cohort similarity, weak intent differentiation and competing keyword ownership.","Keep crawlable for editorial review but add noindex; remove from XML/HTML sitemaps, site search, listings and commercial hub grids until uniquely rewritten.",Warehouse construction company Dubai - /warehouse-construction,"Noindex, follow added; URL removed from XML/HTML sitemaps, internal search, article listings and commercial hub grids.",Pending production deployment and GSC recrawl; do not request indexing.,N/A
https://emitronix.ae/warehouse/warehouse-utility-services,Discovered - currently not indexed,No,"Programmatic warehouse template has high cohort similarity, weak intent differentiation and competing keyword ownership.","Keep crawlable for editorial review but add noindex; remove from XML/HTML sitemaps, site search, listings and commercial hub grids until uniquely rewritten.",Warehouse construction company Dubai - /warehouse-construction,"Noindex, follow added; URL removed from XML/HTML sitemaps, internal search, article listings and commercial hub grids.",Pending production deployment and GSC recrawl; do not request indexing.,N/A
